"win_chance","craver","betting_rate","se","alpha","beta","K","lmbda"
0.2,0,0.00458333333333333,0.000689414129346632,0.8,10,0.05,1.8
0.2,1,0.053125,0.00186908749020608,0.8,10,0.05,1.8
0.8,0,0.776510416666667,0.00212589753664949,0.8,10,0.05,1.8
0.8,1,0.788802083333333,0.00170067515677146,0.8,10,0.05,1.8
0.2,0,0.0053125,0.000741958826817756,0.8,10,0.1,1.8
0.2,1,0.103680555555556,0.00254046900659576,0.8,10,0.1,1.8
0.8,0,0.778203125,0.00212013853362495,0.8,10,0.1,1.8
0.8,1,0.801458333333333,0.00166210644810186,0.8,10,0.1,1.8
0.2,0,0.00572916666666667,0.000770344670348074,0.8,10,0.2,1.8
0.2,1,0.205069444444444,0.00336471982426128,0.8,10,0.2,1.8
0.8,0,0.776510416666667,0.00212589753664949,0.8,10,0.2,1.8
0.8,1,0.818784722222222,0.00160499911788153,0.8,10,0.2,1.8
0.2,0,0.000208333333333333,0.000147306239148403,0.8,20,0.05,1.8
0.2,1,0.0504166666666667,0.00182342304891454,0.8,20,0.05,1.8
0.8,0,0.810520833333333,0.00199987507139947,0.8,20,0.05,1.8
0.8,1,0.82109375,0.00159698801829711,0.8,20,0.05,1.8
0.2,0,0.000104166666666667,0.000104166666666667,0.8,20,0.1,1.8
0.2,1,0.0963194444444444,0.00245865893422999,0.8,20,0.1,1.8
0.8,0,0.813645833333333,0.00198713466202493,0.8,20,0.1,1.8
0.8,1,0.831684027777778,0.00155895785205734,0.8,20,0.1,1.8
0.2,0,0,0,0.8,20,0.2,1.8
0.2,1,0.203611111111111,0.00335580848010171,0.8,20,0.2,1.8
0.8,0,0.813385416666667,0.00198820436665212,0.8,20,0.2,1.8
0.8,1,0.851336805555556,0.00148233022241322,0.8,20,0.2,1.8
0.2,0,0,0,0.8,30,0.05,1.8
0.2,1,0.0498611111111111,0.00181387918537515,0.8,30,0.05,1.8
0.8,0,0.839375,0.00187380601236586,0.8,30,0.05,1.8
0.8,1,0.8496875,0.001489085696129,0.8,30,0.05,1.8
0.2,0,0,0,0.8,30,0.1,1.8
0.2,1,0.0994444444444444,0.00249390181882424,0.8,30,0.1,1.8
0.8,0,0.841770833333333,0.00186243124965951,0.8,30,0.1,1.8
0.8,1,0.857517361111111,0.00145644793447829,0.8,30,0.1,1.8
0.2,0,0,0,0.8,30,0.2,1.8
0.2,1,0.199375,0.00332953632894663,0.8,30,0.2,1.8
0.8,0,0.841197916666667,0.0018651649035008,0.8,30,0.2,1.8
0.8,1,0.871197916666667,0.00139576526465249,0.8,30,0.2,1.8
0.2,0,0,0,0.8,40,0.05,1.8
0.2,1,0.0495138888888889,0.00180788266534285,0.8,40,0.05,1.8
0.8,0,0.870598958333333,0.00171284474874906,0.8,40,0.05,1.8
0.8,1,0.870607638888889,0.00139848587368192,0.8,40,0.05,1.8
0.2,0,0,0,0.8,40,0.1,1.8
0.2,1,0.103194444444444,0.00253519364654678,0.8,40,0.1,1.8
0.8,0,0.864348958333333,0.00174741542789878,0.8,40,0.1,1.8
0.8,1,0.880225694444444,0.00135291770397349,0.8,40,0.1,1.8
0.2,0,0,0,0.8,40,0.2,1.8
0.2,1,0.197986111111111,0.00332079557278245,0.8,40,0.2,1.8
0.8,0,0.868802083333333,0.00172291534486758,0.8,40,0.2,1.8
0.8,1,0.894809027777778,0.00127834165674277,0.8,40,0.2,1.8
0.2,0,0,0,0.8,50,0.05,1.8
0.2,1,0.0484027777777778,0.00178852724389205,0.8,50,0.05,1.8
0.8,0,0.8875,0.00161250282756025,0.8,50,0.05,1.8
0.8,1,0.894149305555556,0.00128187124589057,0.8,50,0.05,1.8
0.2,0,0,0,0.8,50,0.1,1.8
0.2,1,0.0995138888888889,0.00249467625121613,0.8,50,0.1,1.8
0.8,0,0.886145833333333,0.00162094062558192,0.8,50,0.1,1.8
0.8,1,0.898038194444444,0.00126083626260598,0.8,50,0.1,1.8
0.2,0,0,0,0.8,50,0.2,1.8
0.2,1,0.200277777777778,0.003335183996241,0.8,50,0.2,1.8
0.8,0,0.889114583333333,0.00160234535580503,0.8,50,0.2,1.8
0.8,1,0.91140625,0.00118399555491972,0.8,50,0.2,1.8
0.2,0,0.00510416666666667,0.000727341275256173,0.8,10,0.05,1.85
0.2,1,0.0555555555555556,0.00190891147984458,0.8,10,0.05,1.85
0.8,0,0.766744791666667,0.00215814755707625,0.8,10,0.05,1.85
0.8,1,0.780451388888889,0.00172476846924734,0.8,10,0.05,1.85
0.2,0,0.00510416666666667,0.000727341275256173,0.8,10,0.1,1.85
0.2,1,0.103263888888889,0.00253594833749519,0.8,10,0.1,1.85
0.8,0,0.766067708333333,0.00216032309491666,0.8,10,0.1,1.85
0.8,1,0.792986111111111,0.00168820452747036,0.8,10,0.1,1.85
0.2,0,0.00354166666666667,0.000606345861767524,0.8,10,0.2,1.85
0.2,1,0.202708333333333,0.00335025796227952,0.8,10,0.2,1.85
0.8,0,0.7671875,0.00215672091046727,0.8,10,0.2,1.85
0.8,1,0.815520833333333,0.00161615765020489,0.8,10,0.2,1.85
0.2,0,0.000104166666666667,0.000104166666666667,0.8,20,0.05,1.85
0.2,1,0.0488194444444444,0.00179581556917236,0.8,20,0.05,1.85
0.8,0,0.800208333333333,0.00204047022840819,0.8,20,0.05,1.85
0.8,1,0.809079861111111,0.00163762362376155,0.8,20,0.05,1.85
0.2,0,0,0,0.8,20,0.1,1.85
0.2,1,0.0979861111111111,0.00247755159440524,0.8,20,0.1,1.85
0.8,0,0.799427083333333,0.00204345753185865,0.8,20,0.1,1.85
0.8,1,0.819618055555556,0.00160211917682456,0.8,20,0.1,1.85
0.2,0,0,0,0.8,20,0.2,1.85
0.2,1,0.207847222222222,0.00338150801575837,0.8,20,0.2,1.85
0.8,0,0.799713541666667,0.00204236359825226,0.8,20,0.2,1.85
0.8,1,0.840243055555556,0.0015265986250393,0.8,20,0.2,1.85
0.2,0,0,0,0.8,30,0.05,1.85
0.2,1,0.0526388888888889,0.00186099397657118,0.8,30,0.05,1.85
0.8,0,0.820390625,0.00195891182555606,0.8,30,0.05,1.85
0.8,1,0.831822916666667,0.00155844463018606,0.8,30,0.05,1.85
0.2,0,0,0,0.8,30,0.1,1.85
0.2,1,0.101388888888889,0.00251544547585384,0.8,30,0.1,1.85
0.8,0,0.82234375,0.00195054954515672,0.8,30,0.1,1.85
0.8,1,0.842065972222222,0.00151950958118388,0.8,30,0.1,1.85
0.2,0,0,0,0.8,30,0.2,1.85
0.2,1,0.205486111111111,0.00336725353432705,0.8,30,0.2,1.85
0.8,0,0.824010416666667,0.00194334485649585,0.8,30,0.2,1.85
0.8,1,0.860277777777778,0.00144459006151659,0.8,30,0.2,1.85
0.2,0,0,0,0.8,40,0.05,1.85
0.2,1,0.0511805555555556,0.00183644582046847,0.8,40,0.05,1.85
0.8,0,0.844114583333333,0.00185115800133823,0.8,40,0.05,1.85
0.8,1,0.853680555555556,0.00147262186604908,0.8,40,0.05,1.85
0.2,0,0,0,0.8,40,0.1,1.85
0.2,1,0.101875,0.00252078634582656,0.8,40,0.1,1.85
0.8,0,0.845338541666667,0.00184521267158242,0.8,40,0.1,1.85
0.8,1,0.860329861111111,0.00144436451196064,0.8,40,0.1,1.85
0.2,0,0,0,0.8,40,0.2,1.85
0.2,1,0.202361111111111,0.00334811619611862,0.8,40,0.2,1.85
0.8,0,0.846067708333333,0.00184165158079318,0.8,40,0.2,1.85
0.8,1,0.874670138888889,0.00137956433228841,0.8,40,0.2,1.85
0.2,0,0,0,0.8,50,0.05,1.85
0.2,1,0.0478472222222222,0.00177875247927176,0.8,50,0.05,1.85
0.8,0,0.867005208333333,0.00173287889619921,0.8,50,0.05,1.85
0.8,1,0.870815972222222,0.0013975267577562,0.8,50,0.05,1.85
0.2,0,0,0,0.8,50,0.1,1.85
0.2,1,0.102291666666667,0.00252535007185758,0.8,50,0.1,1.85
0.8,0,0.86484375,0.00174472480332514,0.8,50,0.1,1.85
0.8,1,0.879392361111111,0.00135697323078898,0.8,50,0.1,1.85
0.2,0,0,0,0.8,50,0.2,1.85
0.2,1,0.200555555555556,0.00333691640447402,0.8,50,0.2,1.85
0.8,0,0.865885416666667,0.00173903473968923,0.8,50,0.2,1.85
0.8,1,0.891059027777778,0.00129819935468234,0.8,50,0.2,1.85
0.2,0,0.00416666666666667,0.000657468140856127,0.8,10,0.05,1.9
0.2,1,0.0563888888888889,0.00192232637991988,0.8,10,0.05,1.9
0.8,0,0.763828125,0.00216746430646615,0.8,10,0.05,1.9
0.8,1,0.773802083333333,0.00174321829793126,0.8,10,0.05,1.9
0.2,0,0.00333333333333333,0.000588303380058673,0.8,10,0.1,1.9
0.2,1,0.106805555555556,0.00257397166883334,0.8,10,0.1,1.9
0.8,0,0.758359375,0.00218455281000548,0.8,10,0.1,1.9
0.8,1,0.7846875,0.00171267720396514,0.8,10,0.1,1.9
0.2,0,0.00364583333333333,0.000615165938129224,0.8,10,0.2,1.9
0.2,1,0.200347222222222,0.00333561733326265,0.8,10,0.2,1.9
0.8,0,0.761744791666667,0.00217403229461188,0.8,10,0.2,1.9
0.8,1,0.811614583333333,0.00162926260347656,0.8,10,0.2,1.9
0.2,0,0.000104166666666667,0.000104166666666667,0.8,20,0.05,1.9
0.2,1,0.0526388888888889,0.00186099397657118,0.8,20,0.05,1.9
0.8,0,0.782317708333333,0.00210592632581682,0.8,20,0.05,1.9
0.8,1,0.796770833333333,0.00167668801637616,0.8,20,0.05,1.9
0.2,0,0,0,0.8,20,0.1,1.9
0.2,1,0.100347222222222,0.00250394032437507,0.8,20,0.1,1.9
0.8,0,0.784140625,0.00209953190007872,0.8,20,0.1,1.9
0.8,1,0.807777777777778,0.00164187570190947,0.8,20,0.1,1.9
0.2,0,0,0,0.8,20,0.2,1.9
0.2,1,0.199236111111111,0.00332866509730004,0.8,20,0.2,1.9
0.8,0,0.790859375,0.00207543376113827,0.8,20,0.2,1.9
0.8,1,0.827708333333333,0.00157348761231109,0.8,20,0.2,1.9
0.2,0,0,0,0.8,30,0.05,1.9
0.2,1,0.0520138888888889,0.00185052298701664,0.8,30,0.05,1.9
0.8,0,0.804348958333333,0.00202443285454144,0.8,30,0.05,1.9
0.8,1,0.815347222222222,0.00161674582765706,0.8,30,0.05,1.9
0.2,0,0,0,0.8,30,0.1,1.9
0.2,1,0.100208333333333,0.00250240003227194,0.8,30,0.1,1.9
0.8,0,0.802447916666667,0.00203183892791613,0.8,30,0.1,1.9
0.8,1,0.823368055555556,0.00158900096130855,0.8,30,0.1,1.9
0.2,0,0,0,0.8,30,0.2,1.9
0.2,1,0.201527777777778,0.00334296013977533,0.8,30,0.2,1.9
0.8,0,0.804869791666667,0.00202239093877143,0.8,30,0.2,1.9
0.8,1,0.844340277777778,0.00151056496344653,0.8,30,0.2,1.9
0.2,0,0,0,0.8,40,0.05,1.9
0.2,1,0.0479166666666667,0.00177997791894103,0.8,40,0.05,1.9
0.8,0,0.819322916666667,0.00196344675951893,0.8,40,0.05,1.9
0.8,1,0.832100694444444,0.00155741703395785,0.8,40,0.05,1.9
0.2,0,0,0,0.8,40,0.1,1.9
0.2,1,0.100347222222222,0.00250394032437507,0.8,40,0.1,1.9
0.8,0,0.816796875,0.00197407439386124,0.8,40,0.1,1.9
0.8,1,0.839444444444444,0.00152968207176453,0.8,40,0.1,1.9
0.2,0,0,0,0.8,40,0.2,1.9
0.2,1,0.194097222222222,0.00329598191873926,0.8,40,0.2,1.9
0.8,0,0.822213541666667,0.00195110972960876,0.8,40,0.2,1.9
0.8,1,0.856788194444444,0.0014595489849198,0.8,40,0.2,1.9
0.2,0,0,0,0.8,50,0.05,1.9
0.2,1,0.0490972222222222,0.00180065434380328,0.8,50,0.05,1.9
0.8,0,0.83984375,0.00187159223965803,0.8,50,0.05,1.9
0.8,1,0.843472222222222,0.0015139921744878,0.8,50,0.05,1.9
0.2,0,0,0,0.8,50,0.1,1.9
0.2,1,0.0986111111111111,0.00248457928769837,0.8,50,0.1,1.9
0.8,0,0.83953125,0.00187306871828929,0.8,50,0.1,1.9
0.8,1,0.853975694444444,0.00147139019635345,0.8,50,0.1,1.9
0.2,0,0,0,0.8,50,0.2,1.9
0.2,1,0.198888888888889,0.00332648425793065,0.8,50,0.2,1.9
0.8,0,0.837005208333333,0.00188491159750664,0.8,50,0.2,1.9
0.8,1,0.870746527777778,0.00139784659608183,0.8,50,0.2,1.9
0.2,0,0.00416666666666667,0.000657468140856127,0.8,10,0.05,1.95
0.2,1,0.0533333333333333,0.00187254274734676,0.8,10,0.05,1.95
0.8,0,0.756640625,0.00218982248687283,0.8,10,0.05,1.95
0.8,1,0.764704861111111,0.00176744509366975,0.8,10,0.05,1.95
0.2,0,0.00354166666666667,0.000606345861767524,0.8,10,0.1,1.95
0.2,1,0.105486111111111,0.00255991189929102,0.8,10,0.1,1.95
0.8,0,0.754817708333333,0.00219535942341754,0.8,10,0.1,1.95
0.8,1,0.780920138888889,0.00172344357029951,0.8,10,0.1,1.95
0.2,0,0.00322916666666667,0.000579068439172888,0.8,10,0.2,1.95
0.2,1,0.204583333333333,0.00336175688261954,0.8,10,0.2,1.95
0.8,0,0.753125,0.00220045317520747,0.8,10,0.2,1.95
0.8,1,0.803038194444444,0.00165711114261506,0.8,10,0.2,1.95
0.2,0,0,0,0.8,20,0.05,1.95
0.2,1,0.0497916666666667,0.00181268183786459,0.8,20,0.05,1.95
0.8,0,0.773255208333333,0.00213683077465,0.8,20,0.05,1.95
0.8,1,0.784670138888889,0.00171272730374989,0.8,20,0.05,1.95
0.2,0,0,0,0.8,20,0.1,1.95
0.2,1,0.102291666666667,0.00252535007185758,0.8,20,0.1,1.95
0.8,0,0.774140625,0.00213387528403637,0.8,20,0.1,1.95
0.8,1,0.793559027777778,0.00168647572520648,0.8,20,0.1,1.95
0.2,0,0,0,0.8,20,0.2,1.95
0.2,1,0.197083333333333,0.00331508005194221,0.8,20,0.2,1.95
0.8,0,0.771692708333333,0.00214201314759002,0.8,20,0.2,1.95
0.8,1,0.820815972222222,0.00159795694991338,0.8,20,0.2,1.95
0.2,0,0,0,0.8,30,0.05,1.95
0.2,1,0.051875,0.00184818605076479,0.8,30,0.05,1.95
0.8,0,0.782213541666667,0.00210628989426286,0.8,30,0.05,1.95
0.8,1,0.794305555555556,0.00168421530396497,0.8,30,0.05,1.95
0.2,0,0,0,0.8,30,0.1,1.95
0.2,1,0.0978472222222222,0.00247598568799075,0.8,30,0.1,1.95
0.8,0,0.783697916666667,0.00210109040800282,0.8,30,0.1,1.95
0.8,1,0.804809027777778,0.00165146286117892,0.8,30,0.1,1.95
0.2,0,0,0,0.8,30,0.2,1.95
0.2,1,0.196041666666667,0.00330845169236036,0.8,30,0.2,1.95
0.8,0,0.78609375,0.00209261315679181,0.8,30,0.2,1.95
0.8,1,0.826440972222222,0.0015780546981659,0.8,30,0.2,1.95
0.2,0,0,0,0.8,40,0.05,1.95
0.2,1,0.0458333333333333,0.00174275635944219,0.8,40,0.05,1.95
0.8,0,0.796770833333333,0.00205352396201894,0.8,40,0.05,1.95
0.8,1,0.804357638888889,0.00165290757997591,0.8,40,0.05,1.95
0.2,0,0,0,0.8,40,0.1,1.95
0.2,1,0.105833333333333,0.00256362388709165,0.8,40,0.1,1.95
0.8,0,0.793880208333333,0.00206432169911785,0.8,40,0.1,1.95
0.8,1,0.814722222222222,0.0016188588205775,0.8,40,0.1,1.95
0.2,0,0,0,0.8,40,0.2,1.95
0.2,1,0.200555555555556,0.00333691640447402,0.8,40,0.2,1.95
0.8,0,0.79265625,0.00206884503467335,0.8,40,0.2,1.95
0.8,1,0.835225694444444,0.00154574979068196,0.8,40,0.2,1.95
0.2,0,0,0,0.8,50,0.05,1.95
0.2,1,0.0509027777777778,0.00183172353952138,0.8,50,0.05,1.95
0.8,0,0.808854166666667,0.00200658505844556,0.8,50,0.05,1.95
0.8,1,0.815295138888889,0.00161692217606283,0.8,50,0.05,1.95
0.2,0,0,0,0.8,50,0.1,1.95
0.2,1,0.099375,0.00249312701153502,0.8,50,0.1,1.95
0.8,0,0.804427083333333,0.00202412692098702,0.8,50,0.1,1.95
0.8,1,0.824965277777778,0.00158333374552934,0.8,50,0.1,1.95
0.2,0,0,0,0.8,50,0.2,1.95
0.2,1,0.200138888888889,0.0033343168519045,0.8,50,0.2,1.95
0.8,0,0.806796875,0.00201478737025863,0.8,50,0.2,1.95
0.8,1,0.845729166666667,0.00150504711352743,0.8,50,0.2,1.95
0.2,0,0.00177083333333333,0.000429132074290664,0.8,10,0.05,2
0.2,1,0.0500694444444444,0.00181746538936002,0.8,10,0.05,2
0.8,0,0.744010416666667,0.00222710502340707,0.8,10,0.05,2
0.8,1,0.759236111111111,0.00178146227927993,0.8,10,0.05,2
0.2,0,0.00270833333333333,0.000530455744225491,0.8,10,0.1,2
0.2,1,0.103819444444444,0.00254197305566828,0.8,10,0.1,2
0.8,0,0.746380208333333,0.00222030006109572,0.8,10,0.1,2
0.8,1,0.770746527777778,0.00175148441702724,0.8,10,0.1,2
0.2,0,0.003125,0.000569681829363504,0.8,10,0.2,2
0.2,1,0.199444444444444,0.00332997170842451,0.8,10,0.2,2
0.8,0,0.747942708333333,0.00221576573367166,0.8,10,0.2,2
0.8,1,0.796024305555556,0.001678977602498,0.8,10,0.2,2
0.2,0,0,0,0.8,20,0.05,2
0.2,1,0.0511111111111111,0.00183526666310647,0.8,20,0.05,2
0.8,0,0.757317708333333,0.00218775226663301,0.8,20,0.05,2
0.8,1,0.770086805555556,0.00175325189606603,0.8,20,0.05,2
0.2,0,0,0,0.8,20,0.1,2
0.2,1,0.0984722222222222,0.00248302024120209,0.8,20,0.1,2
0.8,0,0.756223958333333,0.00219109278804505,0.8,20,0.1,2
0.8,1,0.782916666666667,0.00171776416391956,0.8,20,0.1,2
0.2,0,0,0,0.8,20,0.2,2
0.2,1,0.200694444444444,0.00333778166934655,0.8,20,0.2,2
0.8,0,0.757395833333333,0.00218751291779165,0.8,20,0.2,2
0.8,1,0.805920138888889,0.00164789208878922,0.8,20,0.2,2
0.2,0,0,0,0.8,30,0.05,2
0.2,1,0.0502083333333333,0.0018198513457328,0.8,30,0.05,2
0.8,0,0.761822916666667,0.00217378729158249,0.8,30,0.05,2
0.8,1,0.774635416666667,0.00174094093127094,0.8,30,0.05,2
0.2,0,0,0,0.8,30,0.1,2
0.2,1,0.104930555555556,0.00255395467786473,0.8,30,0.1,2
0.8,0,0.765885416666667,0.00216090749843725,0.8,30,0.1,2
0.8,1,0.788576388888889,0.00170134016994193,0.8,30,0.1,2
0.2,0,0,0,0.8,30,0.2,2
0.2,1,0.198888888888889,0.00332648425793065,0.8,30,0.2,2
0.8,0,0.761770833333333,0.00217395063812735,0.8,30,0.2,2
0.8,1,0.809670138888889,0.00163568644563969,0.8,30,0.2,2
0.2,0,0,0,0.8,40,0.05,2
0.2,1,0.0491666666666667,0.00180186154243199,0.8,40,0.05,2
0.8,0,0.766796875,0.00215797988801298,0.8,40,0.05,2
0.8,1,0.778836805555556,0.00172930735557934,0.8,40,0.05,2
0.2,0,0,0,0.8,40,0.1,2
0.2,1,0.0947222222222222,0.00244034204838429,0.8,40,0.1,2
0.8,0,0.765546875,0.0021619913382032,0.8,40,0.1,2
0.8,1,0.790260416666667,0.00169635929677024,0.8,40,0.1,2
0.2,0,0,0,0.8,40,0.2,2
0.2,1,0.208263888888889,0.00338400540293694,0.8,40,0.2,2
0.8,0,0.7684375,0.00215267482958866,0.8,40,0.2,2
0.8,1,0.814652777777778,0.0016190931687911,0.8,40,0.2,2
0.2,0,0,0,0.8,50,0.05,2
0.2,1,0.0540277777777778,0.00188400295015709,0.8,50,0.05,2
0.8,0,0.775520833333333,0.00212924089115208,0.8,50,0.05,2
0.8,1,0.783611111111111,0.00171577485703375,0.8,50,0.05,2
0.2,0,0,0,0.8,50,0.1,2
0.2,1,0.09875,0.00248613681766115,0.8,50,0.1,2
0.8,0,0.770963541666667,0.00214441715573784,0.8,50,0.1,2
0.8,1,0.797690972222222,0.00167385370624912,0.8,50,0.1,2
0.2,0,0,0,0.8,50,0.2,2
0.2,1,0.195486111111111,0.00330490180819137,0.8,50,0.2,2
0.8,0,0.773020833333333,0.00213761082769471,0.8,50,0.2,2
0.8,1,0.813680555555556,0.00162236507065421,0.8,50,0.2,2
0.2,0,0.00270833333333333,0.000530455744225491,0.8,10,0.05,2.05
0.2,1,0.0534027777777778,0.00187369272627291,0.8,10,0.05,2.05
0.8,0,0.740598958333333,0.00223675001571493,0.8,10,0.05,2.05
0.8,1,0.751944444444444,0.00179953328842217,0.8,10,0.05,2.05
0.2,0,0.0028125,0.000540532339743299,0.8,10,0.1,2.05
0.2,1,0.103055555555556,0.00253368319370374,0.8,10,0.1,2.05
0.8,0,0.73984375,0.00223886124843186,0.8,10,0.1,2.05
0.8,1,0.762604166666667,0.00177287722607405,0.8,10,0.1,2.05
0.2,0,0.00229166666666667,0.000488050236868311,0.8,10,0.2,2.05
0.2,1,0.202291666666667,0.00334768737832004,0.8,10,0.2,2.05
0.8,0,0.738541666666667,0.00224248108261074,0.8,10,0.2,2.05
0.8,1,0.792048611111111,0.00169102239529907,0.8,10,0.2,2.05
0.2,0,0,0,0.8,20,0.05,2.05
0.2,1,0.0551388888888889,0.00190215904431315,0.8,20,0.05,2.05
0.8,0,0.742604166666667,0.00223110233015998,0.8,20,0.05,2.05
0.8,1,0.756944444444444,0.00178721708432238,0.8,20,0.05,2.05
0.2,0,0,0,0.8,20,0.1,2.05
0.2,1,0.0991666666666667,0.00249080033678388,0.8,20,0.1,2.05
0.8,0,0.742083333333333,0.00223257514404375,0.8,20,0.1,2.05
0.8,1,0.771371527777778,0.00174980433294399,0.8,20,0.1,2.05
0.2,0,0,0,0.8,20,0.2,2.05
0.2,1,0.199722222222222,0.00333171165214098,0.8,20,0.2,2.05
0.8,0,0.74546875,0.00222292760568562,0.8,20,0.2,2.05
0.8,1,0.795017361111111,0.00168205183244698,0.8,20,0.2,2.05
0.2,0,0,0,0.8,30,0.05,2.05
0.2,1,0.0511805555555556,0.00183644582046847,0.8,30,0.05,2.05
0.8,0,0.741692708333333,0.00223367704163883,0.8,30,0.05,2.05
0.8,1,0.754704861111111,0.00179277411396549,0.8,30,0.05,2.05
0.2,0,0,0,0.8,30,0.1,2.05
0.2,1,0.095,0.00244354266527045,0.8,30,0.1,2.05
0.8,0,0.740911458333333,0.0022358738759041,0.8,30,0.1,2.05
0.8,1,0.769635416666667,0.00175445771635778,0.8,30,0.1,2.05
0.2,0,0,0,0.8,30,0.2,2.05
0.2,1,0.200902777777778,0.00333907839396957,0.8,30,0.2,2.05
0.8,0,0.74390625,0.00222740215911265,0.8,30,0.2,2.05
0.8,1,0.794600694444444,0.00168331922640783,0.8,30,0.2,2.05
0.2,0,0,0,0.8,40,0.05,2.05
0.2,1,0.0495833333333333,0.0018090839297363,0.8,40,0.05,2.05
0.8,0,0.73921875,0.00224060195795667,0.8,40,0.05,2.05
0.8,1,0.753020833333333,0.00179690941649531,0.8,40,0.05,2.05
0.2,0,0,0,0.8,40,0.1,2.05
0.2,1,0.0997916666666667,0.00249777023878189,0.8,40,0.1,2.05
0.8,0,0.743645833333333,0.0022281442701726,0.8,40,0.1,2.05
0.8,1,0.765295138888889,0.00176590789381981,0.8,40,0.1,2.05
0.2,0,0,0,0.8,40,0.2,2.05
0.2,1,0.207152777777778,0.00337733366663606,0.8,40,0.2,2.05
0.8,0,0.739479166666667,0.00223987737866169,0.8,40,0.2,2.05
0.8,1,0.793229166666667,0.00168747172495239,0.8,40,0.2,2.05
0.2,0,0,0,0.8,50,0.05,2.05
0.2,1,0.0515972222222222,0.00184350111083802,0.8,50,0.05,2.05
0.8,0,0.736067708333333,0.00224928863975666,0.8,50,0.05,2.05
0.8,1,0.746041666666667,0.00181365761699904,0.8,50,0.05,2.05
0.2,0,0,0,0.8,50,0.1,2.05
0.2,1,0.0963194444444444,0.00245865893422999,0.8,50,0.1,2.05
0.8,0,0.735390625,0.00225113583179554,0.8,50,0.1,2.05
0.8,1,0.7634375,0.00177072950223402,0.8,50,0.1,2.05
0.2,0,0,0,0.8,50,0.2,2.05
0.2,1,0.199513888888889,0.00333040693042118,0.8,50,0.2,2.05
0.8,0,0.738697916666667,0.00224204805088111,0.8,50,0.2,2.05
0.8,1,0.788680555555556,0.0017010333376942,0.8,50,0.2,2.05
0.2,0,0.0021875,0.000476854082499519,0.8,10,0.05,2.1
0.2,1,0.0527083333333333,0.00186215288607193,0.8,10,0.05,2.1
0.8,0,0.73484375,0.00225262281964631,0.8,10,0.05,2.1
0.8,1,0.745659722222222,0.00181455627367965,0.8,10,0.05,2.1
0.2,0,0.0021875,0.000476854082499519,0.8,10,0.1,2.1
0.2,1,0.105486111111111,0.00255991189929102,0.8,10,0.1,2.1
0.8,0,0.733255208333333,0.00225691703817058,0.8,10,0.1,2.1
0.8,1,0.757743055555556,0.00178521952588024,0.8,10,0.1,2.1
0.2,0,0.00177083333333333,0.000429132074290664,0.8,10,0.2,2.1
0.2,1,0.198819444444444,0.00332604761637419,0.8,10,0.2,2.1
0.8,0,0.73140625,0.0022618683712569,0.8,10,0.2,2.1
0.8,1,0.787222222222222,0.00170531391272247,0.8,10,0.2,2.1
0.2,0,0,0,0.8,20,0.05,2.1
0.2,1,0.0526388888888889,0.00186099397657118,0.8,20,0.05,2.1
0.8,0,0.731276041666667,0.00226221516489997,0.8,20,0.05,2.1
0.8,1,0.743697916666667,0.00181914316433025,0.8,20,0.05,2.1
0.2,0,0,0,0.8,20,0.1,2.1
0.2,1,0.100138888888889,0.0025016293297554,0.8,20,0.1,2.1
0.8,0,0.733307291666667,0.00225677683540349,0.8,20,0.1,2.1
0.8,1,0.758819444444444,0.00178251379403311,0.8,20,0.1,2.1
0.2,0,0,0,0.8,20,0.2,2.1
0.2,1,0.194930555555556,0.00330134161409767,0.8,20,0.2,2.1
0.8,0,0.73140625,0.0022618683712569,0.8,20,0.2,2.1
0.8,1,0.78328125,0.00171672067334296,0.8,20,0.2,2.1
0.2,0,0,0,0.8,30,0.05,2.1
0.2,1,0.0502083333333333,0.0018198513457328,0.8,30,0.05,2.1
0.8,0,0.724973958333333,0.00227870526200314,0.8,30,0.05,2.1
0.8,1,0.735729166666667,0.00183728331863315,0.8,30,0.05,2.1
0.2,0,0,0,0.8,30,0.1,2.1
0.2,1,0.0984722222222222,0.00248302024120209,0.8,30,0.1,2.1
0.8,0,0.721223958333333,0.00228824666964683,0.8,30,0.1,2.1
0.8,1,0.748611111111111,0.00180756407754866,0.8,30,0.1,2.1
0.2,0,0,0,0.8,30,0.2,2.1
0.2,1,0.198194444444444,0.00332211072311401,0.8,30,0.2,2.1
0.8,0,0.721223958333333,0.00228824666964683,0.8,30,0.2,2.1
0.8,1,0.774618055555556,0.00174098847742815,0.8,30,0.2,2.1
0.2,0,0,0,0.8,40,0.05,2.1
0.2,1,0.0500694444444444,0.00181746538936002,0.8,40,0.05,2.1
0.8,0,0.708828125,0.00231838322070925,0.8,40,0.05,2.1
0.8,1,0.726388888888889,0.001857564870703,0.8,40,0.05,2.1
0.2,0,0,0,0.8,40,0.1,2.1
0.2,1,0.100138888888889,0.0025016293297554,0.8,40,0.1,2.1
0.8,0,0.70859375,0.00231893263493178,0.8,40,0.1,2.1
0.8,1,0.74140625,0.0018244403205895,0.8,40,0.1,2.1
0.2,0,0,0,0.8,40,0.2,2.1
0.2,1,0.196736111111111,0.0033128745997214,0.8,40,0.2,2.1
0.8,0,0.709817708333333,0.00231605522533711,0.8,40,0.2,2.1
0.8,1,0.771232638888889,0.00175017815920979,0.8,40,0.2,2.1
0.2,0,0,0,0.8,50,0.05,2.1
0.2,1,0.0493055555555556,0.00180427295968307,0.8,50,0.05,2.1
0.8,0,0.702864583333333,0.00233213175721452,0.8,50,0.05,2.1
0.8,1,0.714236111111111,0.00188242249457922,0.8,50,0.05,2.1
0.2,0,0,0,0.8,50,0.1,2.1
0.2,1,0.0979861111111111,0.00247755159440524,0.8,50,0.1,2.1
0.8,0,0.701588541666667,0.00233501155504183,0.8,50,0.1,2.1
0.8,1,0.731440972222222,0.00184672423368092,0.8,50,0.1,2.1
0.2,0,0,0,0.8,50,0.2,2.1
0.2,1,0.200277777777778,0.003335183996241,0.8,50,0.2,2.1
0.8,0,0.7034375,0.00233083171163738,0.8,50,0.2,2.1
0.8,1,0.762326388888889,0.00177359104544651,0.8,50,0.2,2.1
0.2,0,0.0815625,0.00279355401135372,1,10,0.05,1
0.2,1,0.124097222222222,0.00274753235994768,1,10,0.05,1
0.8,0,0.833776041666667,0.00189981607738132,1,10,0.05,1
0.8,1,0.841996527777778,0.0015197809413721,1,10,0.05,1
0.2,0,0.0802083333333333,0.00277230804657733,1,10,0.1,1
0.2,1,0.173194444444444,0.00315357021951085,1,10,0.1,1
0.8,0,0.833958333333333,0.00189898161940659,1,10,0.1,1
0.8,1,0.851024305555556,0.00148361501318211,1,10,0.1,1
0.2,0,0.0740625,0.00267286500276921,1,10,0.2,1
0.2,1,0.263958333333333,0.00367326890919857,1,10,0.2,1
0.8,0,0.834713541666667,0.00189551580219822,1,10,0.2,1
0.8,1,0.868871527777778,0.00140643223539284,1,10,0.2,1
0.2,0,0.0133333333333333,0.0011706891697436,1,20,0.05,1
0.2,1,0.0670833333333333,0.00208479125781634,1,20,0.05,1
0.8,0,0.902239583333333,0.00151559269399453,1,20,0.05,1
0.8,1,0.908836805555556,0.00119934809302643,1,20,0.05,1
0.2,0,0.0138541666666667,0.00119302015340468,1,20,0.1,1
0.2,1,0.112777777777778,0.00263609954444077,1,20,0.1,1
0.8,0,0.903072916666667,0.00150981600177756,1,20,0.1,1
0.8,1,0.912864583333333,0.00117514934633754,1,20,0.1,1
0.2,0,0.0132291666666667,0.00116616875232939,1,20,0.2,1
0.2,1,0.210416666666667,0.00339682277467282,1,20,0.2,1
0.8,0,0.900130208333333,0.00153006465581127,1,20,0.2,1
0.8,1,0.92203125,0.00111718638503329,1,20,0.2,1
0.2,0,0.00208333333333333,0.000465386223999872,1,30,0.05,1
0.2,1,0.055,0.00189990148914337,1,30,0.05,1
0.8,0,0.943489583333333,0.00117834605545775,1,30,0.05,1
0.8,1,0.944375,0.000954992104615049,1,30,0.05,1
0.2,0,0.00197916666666667,0.000453626055451423,1,30,0.1,1
0.2,1,0.105208333333333,0.00255693607137512,1,30,0.1,1
0.8,0,0.941848958333333,0.00119428897459586,1,30,0.1,1
0.8,1,0.948559027777778,0.000920405686384655,1,30,0.1,1
0.2,0,0.00291666666666667,0.000550422440710831,1,30,0.2,1
0.2,1,0.197986111111111,0.00332079557278245,1,30,0.2,1
0.8,0,0.94171875,0.00119554266815226,1,30,0.2,1
0.8,1,0.954409722222222,0.000869152682217195,1,30,0.2,1
0.2,0,0.000520833333333333,0.000232875211763295,1,40,0.05,1
0.2,1,0.0490972222222222,0.00180065434380328,1,40,0.05,1
0.8,0,0.965442708333333,0.000932122830787104,1,40,0.05,1
0.8,1,0.966319444444444,0.000751696469990821,1,40,0.05,1
0.2,0,0.000833333333333333,0.000294520378316972,1,40,0.1,1
0.2,1,0.103125,0.00253443859872264,1,40,0.1,1
0.8,0,0.964427083333333,0.000945223431944871,1,40,0.1,1
0.8,1,0.969670138888889,0.000714561725068712,1,40,0.1,1
0.2,0,0.000208333333333333,0.000147306239148403,1,40,0.2,1
0.2,1,0.200347222222222,0.00333561733326265,1,40,0.2,1
0.8,0,0.966536458333333,0.000917772656927149,1,40,0.2,1
0.8,1,0.972569444444444,0.000680565830599687,1,40,0.2,1
0.2,0,0.000104166666666667,0.000104166666666667,1,50,0.05,1
0.2,1,0.0475,0.00177260973930169,1,50,0.05,1
0.8,0,0.9803125,0.000708953251251421,1,50,0.05,1
0.8,1,0.980104166666667,0.000581848224062612,1,50,0.05,1
0.2,0,0.000104166666666667,0.000104166666666667,1,50,0.1,1
0.2,1,0.0984027777777778,0.00248224014836102,1,50,0.1,1
0.8,0,0.978515625,0.000739920887412743,1,50,0.1,1
0.8,1,0.981684027777778,0.000558718920814267,1,50,0.1,1
0.2,0,0.000208333333333333,0.000147306239148403,1,50,0.2,1
0.2,1,0.197083333333333,0.00331508005194221,1,50,0.2,1
0.8,0,0.979192708333333,0.000728420073900831,1,50,0.2,1
0.8,1,0.983333333333333,0.000533417529538139,1,50,0.2,1
